[{"Job Titles":"Admin Big Data"},{"Job Titles":"Ansible Operations Engineer"},{"Job Titles":"Artificial Intelligence \/ Machine Learning Engineer"},{"Job Titles":"Artificial Intelligence Architect"},{"Job Titles":"Big Data Architect"},{"Job Titles":"Build and Release Engineer"},{"Job Titles":"Data Analyst"},{"Job Titles":"Data Architect"},{"Job Titles":"DevOps Engineer"},{"Job Titles":"DevOps Architect"},{"Job Titles":"ELK Engineer"},{"Job Titles":"Jenkins Engineer"},{"Job Titles":"Kubernetes Operations Engineer"},{"Job Titles":"Machine Learning Engineer"},{"Job Titles":"Production Support Engineer"},{"Job Titles":"Senior DevOps Engineer"},{"Job Titles":"Site Reliability Engineer"},{"Job Titles":".NET Developer"},{"Job Titles":"Android Developer"},{"Job Titles":"Application Security Engineer"},{"Job Titles":"AWS Solutions Architect"},{"Job Titles":"Blockchain Developer"},{"Job Titles":"Business Systems Analyst"},{"Job Titles":"C# Developer"},{"Job Titles":"Cloud Administrator"},{"Job Titles":"Cloud Architect"},{"Job Titles":"Computer Network Architect"},{"Job Titles":"Database Administrator"},{"Job Titles":"Developer"},{"Job Titles":"Director of Engineering"},{"Job Titles":"Docker Engineer"},{"Job Titles":"Entry Level Developer"},{"Job Titles":"Front End Developer"},{"Job Titles":"Front End Web Developer"},{"Job Titles":"Full Stack Developer (Java, Python, etc.)"},{"Job Titles":"Game Developer"},{"Job Titles":"Git Engineer"},{"Job Titles":"Information Security Analyst"},{"Job Titles":"iOS Developer"},{"Job Titles":"IT Manager"},{"Job Titles":"Java Developer"},{"Job Titles":"JavaScript Developer"},{"Job Titles":"Junior Software Engineer"},{"Job Titles":"Junior Web Developer"},{"Job Titles":"Mobile App Developer"},{"Job Titles":"Network Engineer"},{"Job Titles":"Oracle Developer"},{"Job Titles":"PHP Developer"},{"Job Titles":"Product Manager"},{"Job Titles":"Python Developer"},{"Job Titles":"QA Engineer"},{"Job Titles":"React Developer"},{"Job Titles":"Robotics Engineer"},{"Job Titles":"Ruby on Rails Developer"},{"Job Titles":"Salesforce Developer"},{"Job Titles":"Security Specialist"},{"Job Titles":"Selenium Engineer"},{"Job Titles":"Software Developer"},{"Job Titles":"Software Engineer"},{"Job Titles":"SQL Developer"},{"Job Titles":"Systems Administrator"},{"Job Titles":"Systems Engineer"},{"Job Titles":"Technical Lead"},{"Job Titles":"UI Designer"},{"Job Titles":"UX Designer"},{"Job Titles":"Web Designer"},{"Job Titles":"Web Developer"},{"Job Titles":"Wordpress Developer"},{"Job Titles":"Agile Coach"},{"Job Titles":"AI Data Scientist"},{"Job Titles":"API Developer"},{"Job Titles":"Application Developer"},{"Job Titles":"Artificial Intelligence Specialist"},{"Job Titles":"Automation Engineer"},{"Job Titles":"Azure Cloud Engineer"},{"Job Titles":"Backend Developer"},{"Job Titles":"Big Data Engineer"},{"Job Titles":"Business Intelligence Analyst"},{"Job Titles":"Cloud Engineer"},{"Job Titles":"Cloud Security Engineer"},{"Job Titles":"CRM Developer"},{"Job Titles":"Cybersecurity Analyst"},{"Job Titles":"Data Engineer"},{"Job Titles":"Data Scientist"},{"Job Titles":"Database Developer"},{"Job Titles":"Database Manager"},{"Job Titles":"Desktop Support Engineer"},{"Job Titles":"Digital Transformation Specialist"},{"Job Titles":"Embedded Systems Engineer"},{"Job Titles":"Firmware Engineer"},{"Job Titles":"Frontend Engineer"},{"Job Titles":"Full Stack Engineer"},{"Job Titles":"Hadoop Developer"},{"Job Titles":"Hardware Engineer"},{"Job Titles":"IT Auditor"},{"Job Titles":"IT Consultant"},{"Job Titles":"IT Director"},{"Job Titles":"IT Support Specialist"},{"Job Titles":"Kubernetes Engineer"},{"Job Titles":"Linux Administrator"},{"Job Titles":"Machine Learning Scientist"},{"Job Titles":"Middleware Engineer"},{"Job Titles":"Mobile Developer"},{"Job Titles":"Network Administrator"},{"Job Titles":"Network Security Engineer"},{"Job Titles":"NLP Engineer"},{"Job Titles":"Penetration Tester"},{"Job Titles":"Platform Engineer"},{"Job Titles":"Product Owner"},{"Job Titles":"Program Manager"},{"Job Titles":"Robotics Process Automation Developer"},{"Job Titles":"SAP Consultant"},{"Job Titles":"Scrum Master"},{"Job Titles":"Security Engineer"},{"Job Titles":"Security Architect"},{"Job Titles":"SEO Specialist"},{"Job Titles":"Software Configuration Manager"},{"Job Titles":"Software Quality Assurance Analyst"},{"Job Titles":"Software Tester"},{"Job Titles":"Solutions Engineer"},{"Job Titles":"Solutions Architect"},{"Job Titles":"Storage Engineer"},{"Job Titles":"Systems Analyst"},{"Job Titles":"Technical Analyst"},{"Job Titles":"Technical Consultant"},{"Job Titles":"Technical Program Manager"},{"Job Titles":"Test Automation Engineer"},{"Job Titles":"UI Developer"},{"Job Titles":"UX Researcher"},{"Job Titles":"Virtualization Engineer"},{"Job Titles":"Web Application Developer"},{"Job Titles":"Wireless Network Engineer"},{"Job Titles":"Account Manager (IT)"},{"Job Titles":"AI Engineer"},{"Job Titles":"AI Research Scientist"},{"Job Titles":"Algorithm Engineer"},{"Job Titles":"Application Support Analyst"},{"Job Titles":"Application Systems Analyst"},{"Job Titles":"Augmented Reality Developer"},{"Job Titles":"Backup Administrator"},{"Job Titles":"Big Data Analyst"},{"Job Titles":"Big Data Consultant"},{"Job Titles":"BI Developer"},{"Job Titles":"Blockchain Engineer"},{"Job Titles":"Business Analyst IT"},{"Job Titles":"Business Intelligence Developer"},{"Job Titles":"Business Systems Consultant"},{"Job Titles":"Cloud Network Engineer"},{"Job Titles":"Cloud Systems Engineer"},{"Job Titles":"Computer Forensics Analyst"},{"Job Titles":"Configuration Manager"},{"Job Titles":"Content Manager (Web)"},{"Job Titles":"CRM Analyst"},{"Job Titles":"CRM Manager"},{"Job Titles":"Cyber Defense Analyst"},{"Job Titles":"Cybersecurity Consultant"},{"Job Titles":"Data Analytics Consultant"},{"Job Titles":"Data Governance Analyst"},{"Job Titles":"Data Warehouse Architect"},{"Job Titles":"Database Analyst"},{"Job Titles":"Desktop Support Analyst"},{"Job Titles":"Desktop Support Technician"},{"Job Titles":"Digital Forensic Specialist"},{"Job Titles":"Distributed Systems Engineer"},{"Job Titles":"E-Commerce Developer"},{"Job Titles":"Electrical Engineer (IT Hardware)"},{"Job Titles":"Embedded Firmware Engineer"},{"Job Titles":"Enterprise Solutions Architect"},{"Job Titles":"ERP Consultant"},{"Job Titles":"ETL Developer"},{"Job Titles":"Frontend Architect"},{"Job Titles":"Full Stack Architect"},{"Job Titles":"GIS Analyst"},{"Job Titles":"Hadoop Administrator"},{"Job Titles":"Helpdesk Technician"},{"Job Titles":"Hardware Technician"},{"Job Titles":"Incident Manager (IT)"},{"Job Titles":"Information Systems Manager"},{"Job Titles":"Infrastructure Engineer"},{"Job Titles":"Infrastructure Manager"},{"Job Titles":"Integration Specialist"},{"Job Titles":"IoT Engineer"},{"Job Titles":"IT Asset Manager"},{"Job Titles":"IT Compliance Analyst"},{"Job Titles":"IT Operations Manager"},{"Job Titles":"IT Procurement Specialist"},{"Job Titles":"IT Project Coordinator"},{"Job Titles":"IT Risk Analyst"},{"Job Titles":"IT Security Analyst"},{"Job Titles":"Java Architect"},{"Job Titles":"JavaScript Architect"},{"Job Titles":"Kubernetes Administrator"},{"Job Titles":"Legacy Systems Analyst"},{"Job Titles":"Linux Engineer"},{"Job Titles":"Managed Services Engineer"},{"Job Titles":"Mobile Security Engineer"},{"Job Titles":"Network Analyst"},{"Job Titles":"Network Operations Center Technician"},{"Job Titles":"Network Security Administrator"},{"Job Titles":"PenTester (Ethical Hacker)"},{"Job Titles":"Platform Architect"},{"Job Titles":"Presales Engineer"},{"Job Titles":"Principal Architect"},{"Job Titles":"Principal Engineer"},{"Job Titles":"Release Manager"},{"Job Titles":"SaaS Engineer"},{"Job Titles":"SAP Developer"},{"Job Titles":"Security Analyst"},{"Job Titles":"Security Engineer"},{"Job Titles":"Security Operations Center Analyst"},{"Job Titles":"Service Delivery Manager"},{"Job Titles":"Service Desk Analyst"},{"Job Titles":"Site Reliability Manager"},{"Job Titles":"Software Build Engineer"},{"Job Titles":"Software Configuration Engineer"},{"Job Titles":"Software Development Manager"},{"Job Titles":"Software QA Manager"},{"Job Titles":"Solutions Consultant"},{"Job Titles":"Storage Administrator"},{"Job Titles":"Storage Architect"},{"Job Titles":"Systems Engineer Manager"},{"Job Titles":"Technical Account Manager"},{"Job Titles":"Technical Operations Manager"},{"Job Titles":"Technical Trainer"},{"Job Titles":"Telecom Engineer"},{"Job Titles":"Test Lead"},{"Job Titles":"Usability Analyst"},{"Job Titles":"Video Game Designer"},{"Job Titles":"Virtual Reality Developer"},{"Job Titles":"VPN Engineer"},{"Job Titles":"Web Content Manager"},{"Job Titles":"Web Marketing Specialist"},{"Job Titles":"Web Producer"},{"Job Titles":"Application Integration Engineer"},{"Job Titles":"Artificial Intelligence Programmer"},{"Job Titles":"Automation Tester"},{"Job Titles":"Backup Engineer"},{"Job Titles":"Big Data Specialist"},{"Job Titles":"Business Continuity Planner"},{"Job Titles":"Cloud Operations Engineer"},{"Job Titles":"Cloud Security Architect"},{"Job Titles":"Computer Vision Engineer"},{"Job Titles":"Configuration Analyst"},{"Job Titles":"Database Consultant"},{"Job Titles":"Data Visualization Specialist"},{"Job Titles":"Desktop Engineer"},{"Job Titles":"Digital Strategist"},{"Job Titles":"Embedded Software Developer"},{"Job Titles":"Enterprise Architect"},{"Job Titles":"ERP Analyst"},{"Job Titles":"Firmware Developer"},{"Job Titles":"Frontend Developer Lead"},{"Job Titles":"GIS Developer"},{"Job Titles":"Hadoop Consultant"},{"Job Titles":"High Performance Computing Specialist"},{"Job Titles":"Identity and Access Management Specialist"},{"Job Titles":"Incident Response Analyst"},{"Job Titles":"Information Security Manager"},{"Job Titles":"Infrastructure Analyst"},{"Job Titles":"IoT Solutions Architect"},{"Job Titles":"IT Auditor"},{"Job Titles":"IT Compliance Manager"},{"Job Titles":"IT Governance Analyst"},{"Job Titles":"IT Infrastructure Architect"},{"Job Titles":"IT Project Director"},{"Job Titles":"IT Strategist"},{"Job Titles":"Mobile Software Developer"},{"Job Titles":"Network Consultant"},{"Job Titles":"Network Designer"},{"Job Titles":"Network Engineer Lead"},{"Job Titles":"Open Source Software Developer"},{"Job Titles":"Oracle Database Administrator"},{"Job Titles":"Penetration Testing Specialist"},{"Job Titles":"Platform Engineer Lead"},{"Job Titles":"Portfolio Manager"},{"Job Titles":"Principal Software Architect"},{"Job Titles":"Product Owner Agile"},{"Job Titles":"Program Director"},{"Job Titles":"QA Manager Lead"},{"Job Titles":"QA Test Analyst"},{"Job Titles":"Quality Assurance Lead"},{"Job Titles":"RPA Developer"},{"Job Titles":"SaaS Delivery Manager"},{"Job Titles":"Salesforce Business Analyst"},{"Job Titles":"Salesforce Developer Lead"},{"Job Titles":"SAP Functional Consultant"},{"Job Titles":"SAP Technical Consultant"},{"Job Titles":"Scrum Product Owner"},{"Job Titles":"Security Analyst Lead"},{"Job Titles":"Security Compliance Manager"},{"Job Titles":"Security Consultant Lead"},{"Job Titles":"Security Penetration Tester"},{"Job Titles":"Security Systems Engineer"},{"Job Titles":"Service Desk Coordinator"},{"Job Titles":"Site Reliability Engineering Manager"},{"Job Titles":"Software Compliance Analyst"},{"Job Titles":"Software Development Engineer Lead"},{"Job Titles":"Software Testing Lead"},{"Job Titles":"Solutions Delivery Manager"},{"Job Titles":"Storage Architect Lead"},{"Job Titles":"Storage Systems Analyst"},{"Job Titles":"Strategic IT Planner"},{"Job Titles":"Systems Integrator"},{"Job Titles":"Systems Performance Analyst"},{"Job Titles":"Technical Business Consultant"},{"Job Titles":"Technical Project Manager Lead"},{"Job Titles":"Technical Support Analyst"},{"Job Titles":"Technical Trainer Lead"},{"Job Titles":"Test Data Analyst"},{"Job Titles":"Test Engineer Lead"},{"Job Titles":"Test Lead Analyst"},{"Job Titles":"UI\/UX Consultant"},{"Job Titles":"User Interface Analyst"},{"Job Titles":"User Researcher"},{"Job Titles":"Virtualization Consultant"},{"Job Titles":"Voice Engineer"},{"Job Titles":"VR\/AR Developer"},{"Job Titles":"Web Accessibility Specialist"},{"Job Titles":"Web Content Strategist Lead"},{"Job Titles":"Web Developer Senior"},{"Job Titles":"Windows Server Engineer"},{"Job Titles":"Wireless Communications Specialist"},{"Job Titles":"Workplace Support Technician"},{"Job Titles":"Workflow Automation Specialist"},{"Job Titles":"Access Management Specialist"},{"Job Titles":"AI Ethics Specialist"},{"Job Titles":"AI Infrastructure Engineer"},{"Job Titles":"AI Trainer"},{"Job Titles":"Algorithm Developer"},{"Job Titles":"Analytics Consultant"},{"Job Titles":"Application Crash Analyst"},{"Job Titles":"Application Performance Analyst"},{"Job Titles":"Application Support Coordinator"},{"Job Titles":"AR\/VR Content Developer"},{"Job Titles":"Artificial Neural Network Developer"},{"Job Titles":"Automation QA Lead"},{"Job Titles":"Azure DevOps Engineer"},{"Job Titles":"Backend API Developer"},{"Job Titles":"BI Consultant"},{"Job Titles":"Blockchain Analyst Lead"},{"Job Titles":"Blockchain Consultant"},{"Job Titles":"Bot Developer"},{"Job Titles":"Business Continuity Manager"},{"Job Titles":"Business Data Analyst"},{"Job Titles":"Cloud Account Manager"},{"Job Titles":"Cloud Automation Engineer"},{"Job Titles":"Cloud Capacity Planner"},{"Job Titles":"Cloud Cost Analyst"},{"Job Titles":"Cloud Migration Engineer"},{"Job Titles":"Cloud Monitoring Specialist"},{"Job Titles":"Cloud Network Engineer Lead"},{"Job Titles":"Cloud Solutions Engineer"},{"Job Titles":"Cloud Systems Administrator"},{"Job Titles":"Cloud Technical Specialist"},{"Job Titles":"Cobalt Developer"},{"Job Titles":"CRM Technical Specialist"},{"Job Titles":"Cyber Defense Specialist"},{"Job Titles":"Cybersecurity Auditor"},{"Job Titles":"Cybersecurity Compliance Analyst"},{"Job Titles":"Data Analytics Manager"},{"Job Titles":"Data Archiving Specialist"},{"Job Titles":"Data Engineering Manager"},{"Job Titles":"Data Intelligence Analyst"},{"Job Titles":"Data Integration Specialist"},{"Job Titles":"Data Modeler"},{"Job Titles":"Data Scientist Manager"},{"Job Titles":"Data Security Analyst"},{"Job Titles":"Database Migration Specialist"},{"Job Titles":"Debugging Specialist"},{"Job Titles":"Desktop Support Specialist Lead"},{"Job Titles":"DevOps Security Engineer"},{"Job Titles":"Digital Analytics Specialist"},{"Job Titles":"Digital Business Analyst"},{"Job Titles":"Digital Customer Experience Specialist"},{"Job Titles":"Digital Product Owner"},{"Job Titles":"Digital Transformation Consultant"},{"Job Titles":"Distributed Computing Engineer"},{"Job Titles":"DR Planner"},{"Job Titles":"E-commerce Technical Manager"},{"Job Titles":"Edge Network Engineer"},{"Job Titles":"Embedded Systems Developer"},{"Job Titles":"Enterprise Architecture Manager"},{"Job Titles":"Enterprise Cloud Architect"},{"Job Titles":"Enterprise Data Analyst"},{"Job Titles":"Enterprise Mobility Specialist"},{"Job Titles":"ERP Functional Analyst"},{"Job Titles":"ERP Technical Lead"},{"Job Titles":"Ethical Hacker Specialist"},{"Job Titles":"ETL Architect"},{"Job Titles":"Frontend Software Developer Lead"},{"Job Titles":"Functional Consultant"},{"Job Titles":"GIS Data Analyst"},{"Job Titles":"Hadoop Consultant Lead"},{"Job Titles":"Help Desk Analyst"},{"Job Titles":"High Availability Specialist"},{"Job Titles":"Hybrid Cloud Architect"},{"Job Titles":"Identity Management Specialist"},{"Job Titles":"Incident Coordinator"},{"Job Titles":"InfoSec Analyst"},{"Job Titles":"Information Assurance Officer"},{"Job Titles":"Infrastructure Architect"},{"Job Titles":"Integration Developer"},{"Job Titles":"IT Asset Coordinator Lead"},{"Job Titles":"IT Business Relationship Manager"},{"Job Titles":"IT Capacity Planner"},{"Job Titles":"IT Change Control Analyst"},{"Job Titles":"IT Compliance Specialist"},{"Job Titles":"IT Cost Management Analyst"},{"Job Titles":"IT Disaster Recovery Planner"},{"Job Titles":"IT Documentation Coordinator"},{"Job Titles":"IT Hardware Engineer"},{"Job Titles":"IT Infrastructure Engineer Lead"},{"Job Titles":"IT Inventory Analyst"},{"Job Titles":"IT Operations Manager Lead"},{"Job Titles":"IT Portfolio Manager"},{"Job Titles":"IT Procurement Specialist Lead"},{"Job Titles":"IT Project Analyst"},{"Job Titles":"IT Quality Assurance Analyst"},{"Job Titles":"IT Risk Manager"},{"Job Titles":"IT Security Operations Lead"},{"Job Titles":"IT Service Manager"},{"Job Titles":"IT Vendor Relationship Manager"},{"Job Titles":"Java Developer Lead"},{"Job Titles":"JavaScript Developer Lead"},{"Job Titles":"Junior Cloud Administrator"},{"Job Titles":"Kubernetes Architect"},{"Job Titles":"Linux Network Engineer"},{"Job Titles":"Load Testing Specialist"},{"Job Titles":"Machine Learning Engineer Lead"},{"Job Titles":"Mainframe Developer"},{"Job Titles":"Managed IT Services Analyst"},{"Job Titles":"Marketing Technology Specialist"},{"Job Titles":"Metadata Manager"},{"Job Titles":"Middleware Architect"},{"Job Titles":"Mobile App Developer Lead"},{"Job Titles":"Mobile Device Management Specialist"},{"Job Titles":"Mobile Security Lead"},{"Job Titles":"Natural Language Processing Engineer"},{"Job Titles":"Network Capacity Planner"},{"Job Titles":"Network Control Engineer"},{"Job Titles":"Network Security Architect"},{"Job Titles":"Network Service Manager"},{"Job Titles":"Network Support Engineer Lead"},{"Job Titles":"Next-Gen Firewall Engineer"},{"Job Titles":"NLP Data Scientist"},{"Job Titles":"Open Source Community Manager"},{"Job Titles":"Oracle Database Manager"},{"Job Titles":"Penetration Testing Engineer Lead"},{"Job Titles":"Platform Security Engineer"},{"Job Titles":"Power BI Developer"},{"Job Titles":"Principal Data Scientist"},{"Job Titles":"Principal Network Engineer"},{"Job Titles":"Product Marketing Manager (IT)"},{"Job Titles":"Program Manager Lead"},{"Job Titles":"Project Analyst"},{"Job Titles":"Quality Control Analyst"},{"Job Titles":"Quantitative Analyst (Tech Sector)"},{"Job Titles":"RPA Solution Architect"},{"Job Titles":"SaaS Delivery Manager"},{"Job Titles":"Salesforce Solution Architect"},{"Job Titles":"SAP Basis Administrator"},{"Job Titles":"SAP Security Consultant"},{"Job Titles":"Scrum Master Lead"},{"Job Titles":"Security Compliance Manager"},{"Job Titles":"Security Consultant Lead"},{"Job Titles":"Security Penetration Tester"},{"Job Titles":"Security Systems Engineer"},{"Job Titles":"Service Desk Coordinator"},{"Job Titles":"Site Reliability Engineering Manager"},{"Job Titles":"Software Compliance Analyst"},{"Job Titles":"Software Development Engineer Lead"},{"Job Titles":"Software Testing Lead"},{"Job Titles":"Solutions Delivery Manager"},{"Job Titles":"Storage Architect Lead"},{"Job Titles":"Storage Systems Analyst"},{"Job Titles":"Strategic IT Planner"},{"Job Titles":"Systems Integrator"},{"Job Titles":"Systems Performance Analyst"},{"Job Titles":"Technical Business Consultant"},{"Job Titles":"Technical Project Manager Lead"},{"Job Titles":"Technical Support Analyst"},{"Job Titles":"Technical Trainer Lead"},{"Job Titles":"Test Data Analyst"},{"Job Titles":"Test Engineer Lead"},{"Job Titles":"Test Lead Analyst"},{"Job Titles":"UI\/UX Consultant"},{"Job Titles":"User Interface Analyst"},{"Job Titles":"User Researcher"},{"Job Titles":"Virtualization Consultant"},{"Job Titles":"Voice Engineer"},{"Job Titles":"VR\/AR Developer"},{"Job Titles":"Web Accessibility Specialist"},{"Job Titles":"Web Content Strategist Lead"},{"Job Titles":"Web Developer Senior"},{"Job Titles":"Windows Server Engineer"},{"Job Titles":"Wireless Communications Specialist"},{"Job Titles":"Workplace Support Technician"},{"Job Titles":"Workflow Automation Specialist"},{"Job Titles":"Access Management Specialist"},{"Job Titles":"AI Ethics Specialist"},{"Job Titles":"AI Infrastructure Engineer"},{"Job Titles":"AI Trainer"},{"Job Titles":"Algorithm Developer"},{"Job Titles":"Analytics Consultant"},{"Job Titles":"Application Crash Analyst"},{"Job Titles":"Application Performance Analyst"},{"Job Titles":"Application Support Coordinator"},{"Job Titles":"AR\/VR Content Developer"},{"Job Titles":"Artificial Neural Network Developer"},{"Job Titles":"Automation QA Lead"},{"Job Titles":"Azure DevOps Engineer"},{"Job Titles":"Backend API Developer"},{"Job Titles":"BI Consultant"},{"Job Titles":"Blockchain Analyst Lead"},{"Job Titles":"Blockchain Consultant"},{"Job Titles":"Bot Developer"},{"Job Titles":"Business Continuity Manager"},{"Job Titles":"Business Data Analyst"},{"Job Titles":"Cloud Account Manager"},{"Job Titles":"Cloud Automation Engineer"},{"Job Titles":"Cloud Capacity Planner"},{"Job Titles":"Cloud Cost Analyst"},{"Job Titles":"Cloud Migration Engineer"},{"Job Titles":"Cloud Monitoring Specialist"},{"Job Titles":"Cloud Network Engineer Lead"},{"Job Titles":"Cloud Solutions Engineer"},{"Job Titles":"Cloud Systems Administrator"},{"Job Titles":"Cloud Technical Specialist"},{"Job Titles":"Cobalt Developer"},{"Job Titles":"CRM Technical Specialist"},{"Job Titles":"Cyber Defense Specialist"},{"Job Titles":"Cybersecurity Auditor"},{"Job Titles":"Cybersecurity Compliance Analyst"},{"Job Titles":"Data Analytics Manager"},{"Job Titles":"Data Archiving Specialist"},{"Job Titles":"Data Engineering Manager"},{"Job Titles":"Data Intelligence Analyst"},{"Job Titles":"Data Integration Specialist"},{"Job Titles":"Data Modeler"},{"Job Titles":"Data Scientist Manager"},{"Job Titles":"Data Security Analyst"},{"Job Titles":"Database Migration Specialist"},{"Job Titles":"Debugging Specialist"},{"Job Titles":"Desktop Support Specialist Lead"},{"Job Titles":"DevOps Security Engineer"},{"Job Titles":"Digital Analytics Specialist"},{"Job Titles":"Digital Business Analyst"},{"Job Titles":"Digital Customer Experience Specialist"},{"Job Titles":"Digital Product Owner"},{"Job Titles":"Digital Transformation Consultant"},{"Job Titles":"Distributed Computing Engineer"},{"Job Titles":"DR Planner"},{"Job Titles":"E-commerce Technical Manager"},{"Job Titles":"Edge Network Engineer"},{"Job Titles":"Embedded Systems Developer"},{"Job Titles":"Enterprise Architecture Manager"},{"Job Titles":"Enterprise Cloud Architect"},{"Job Titles":"Enterprise Data Analyst"},{"Job Titles":"Enterprise Mobility Specialist"},{"Job Titles":"ERP Functional Analyst"},{"Job Titles":"ERP Technical Lead"},{"Job Titles":"Ethical Hacker Specialist"},{"Job Titles":"ETL Architect"},{"Job Titles":"Frontend Software Developer Lead"},{"Job Titles":"Functional Consultant"},{"Job Titles":"GIS Data Analyst"},{"Job Titles":"Hadoop Consultant Lead"},{"Job Titles":"Help Desk Analyst"},{"Job Titles":"High Availability Specialist"},{"Job Titles":"Hybrid Cloud Architect"},{"Job Titles":"Identity Management Specialist"},{"Job Titles":"Incident Coordinator"},{"Job Titles":"InfoSec Analyst"},{"Job Titles":"Information Assurance Officer"},{"Job Titles":"Infrastructure Architect"},{"Job Titles":"Integration Developer"},{"Job Titles":"IT Asset Coordinator Lead"},{"Job Titles":"IT Business Relationship Manager"},{"Job Titles":"IT Capacity Planner"},{"Job Titles":"IT Change Control Analyst"},{"Job Titles":"IT Compliance Specialist"},{"Job Titles":"IT Cost Management Analyst"},{"Job Titles":"IT Disaster Recovery Planner"},{"Job Titles":"IT Documentation Coordinator"},{"Job Titles":"IT Hardware Engineer"},{"Job Titles":"IT Infrastructure Engineer Lead"},{"Job Titles":"IT Inventory Analyst"},{"Job Titles":"IT Operations Manager Lead"},{"Job Titles":"IT Portfolio Manager"},{"Job Titles":"IT Procurement Specialist Lead"},{"Job Titles":"IT Project Analyst"},{"Job Titles":"IT Quality Assurance Analyst"},{"Job Titles":"IT Risk Manager"},{"Job Titles":"IT Security Operations Lead"},{"Job Titles":"IT Service Manager"},{"Job Titles":"IT Vendor Relationship Manager"}]