[{"IT Software Designations":"Chief Executive Officer (CEO)"},{"IT Software Designations":"Chief Technology Officer (CTO)"},{"IT Software Designations":"Chief Information Officer (CIO)"},{"IT Software Designations":"Chief Digital Officer"},{"IT Software Designations":"Chief Security Officer (CSO)"},{"IT Software Designations":"Chief Data Officer (CDO)"},{"IT Software Designations":"Chief Information Security Officer (CISO)"},{"IT Software Designations":"Vice President (VP) of Engineering"},{"IT Software Designations":"Vice President (VP) of IT"},{"IT Software Designations":"Vice President (VP) of Product"},{"IT Software Designations":"Director of Engineering"},{"IT Software Designations":"Director of IT"},{"IT Software Designations":"Director of Technology"},{"IT Software Designations":"Director of Software Development"},{"IT Software Designations":"Senior IT Manager"},{"IT Software Designations":"Senior Project Manager"},{"IT Software Designations":"Technical Program Manager"},{"IT Software Designations":"Product Manager"},{"IT Software Designations":"Engineering Manager"},{"IT Software Designations":"IT Program Manager"},{"IT Software Designations":"Solutions Architect"},{"IT Software Designations":"Technical Lead"},{"IT Software Designations":"Lead Software Engineer"},{"IT Software Designations":"Principal Engineer"},{"IT Software Designations":"Principal Software Engineer"},{"IT Software Designations":"Software Engineer"},{"IT Software Designations":"Software Developer"},{"IT Software Designations":"Systems Analyst"},{"IT Software Designations":"Business Analyst"},{"IT Software Designations":"IT Analyst"},{"IT Software Designations":"Network Engineer"},{"IT Software Designations":"Network Administrator"},{"IT Software Designations":"Database Administrator"},{"IT Software Designations":"Security Analyst"},{"IT Software Designations":"Security Engineer"},{"IT Software Designations":"DevOps Engineer"},{"IT Software Designations":"Cloud Engineer"},{"IT Software Designations":"Data Scientist"},{"IT Software Designations":"Data Engineer"},{"IT Software Designations":"QA Engineer"},{"IT Software Designations":"Quality Assurance Analyst"},{"IT Software Designations":"UX\/UI Designer"},{"IT Software Designations":"Technical Support Engineer"},{"IT Software Designations":"Junior Software Engineer"},{"IT Software Designations":"Junior Developer"},{"IT Software Designations":"Associate Software Engineer"},{"IT Software Designations":"Intern – Software Developer"},{"IT Software Designations":"Helpdesk Technician"},{"IT Software Designations":"IT Support Specialist"},{"IT Software Designations":"Technical Support Specialist"},{"IT Software Designations":"Scrum Master"},{"IT Software Designations":"Product Owner"},{"IT Software Designations":"Release Manager"},{"IT Software Designations":"Configuration Manager"},{"IT Software Designations":"Test Lead"},{"IT Software Designations":"Software Tester"},{"IT Software Designations":"Automation Tester"},{"IT Software Designations":"IT Coordinator"},{"IT Software Designations":"System Administrator"},{"IT Software Designations":"Database Developer"},{"IT Software Designations":"Web Developer"},{"IT Software Designations":"Mobile Developer"},{"IT Software Designations":"Software Architect"},{"IT Software Designations":"Security Consultant"},{"IT Software Designations":"Network Security Engineer"},{"IT Software Designations":"Cloud Solutions Architect"},{"IT Software Designations":"Data Analyst"},{"IT Software Designations":"IT Auditor"},{"IT Software Designations":"Business Systems Analyst"},{"IT Software Designations":"Chief Innovation Officer (CINO)"},{"IT Software Designations":"Chief Product Officer (CPO)"},{"IT Software Designations":"Chief Analytics Officer (CAO)"},{"IT Software Designations":"Chief Technology Strategist"},{"IT Software Designations":"VP of Cloud Infrastructure"},{"IT Software Designations":"VP of Cybersecurity"},{"IT Software Designations":"VP of Data Science"},{"IT Software Designations":"VP of Digital Transformation"},{"IT Software Designations":"Senior Director of Engineering"},{"IT Software Designations":"Senior Director of Product Management"},{"IT Software Designations":"Platform Engineering Manager"},{"IT Software Designations":"Infrastructure Manager"},{"IT Software Designations":"Security Operations Manager"},{"IT Software Designations":"Technical Program Director"},{"IT Software Designations":"Product Development Manager"},{"IT Software Designations":"Technical Project Lead"},{"IT Software Designations":"Software Development Manager"},{"IT Software Designations":"Quality Assurance Manager"},{"IT Software Designations":"Release Train Engineer"},{"IT Software Designations":"Data Governance Manager"},{"IT Software Designations":"IT Risk Manager"},{"IT Software Designations":"IT Compliance Manager"},{"IT Software Designations":"Solutions Delivery Manager"},{"IT Software Designations":"Technical Account Manager"},{"IT Software Designations":"Head of Software Development"},{"IT Software Designations":"Head of IT Operations"},{"IT Software Designations":"Cloud Security Engineer"},{"IT Software Designations":"Cybersecurity Architect"},{"IT Software Designations":"Data Privacy Officer"},{"IT Software Designations":"Data Warehouse Manager"},{"IT Software Designations":"Database Security Administrator"},{"IT Software Designations":"DevOps Lead"},{"IT Software Designations":"Enterprise Architect"},{"IT Software Designations":"Incident Response Manager"},{"IT Software Designations":"IT Audit Manager"},{"IT Software Designations":"Machine Learning Engineer"},{"IT Software Designations":"Network Security Manager"},{"IT Software Designations":"Penetration Testing Manager"},{"IT Software Designations":"Product Analyst"},{"IT Software Designations":"Product Owner Lead"},{"IT Software Designations":"Robotics Process Automation (RPA) Developer"},{"IT Software Designations":"SaaS Product Manager"},{"IT Software Designations":"SAP Manager"},{"IT Software Designations":"Security Analyst Lead"},{"IT Software Designations":"Site Reliability Engineering Manager"},{"IT Software Designations":"Software Configuration Manager"},{"IT Software Designations":"Software Engineering Lead"},{"IT Software Designations":"Software Quality Assurance Lead"},{"IT Software Designations":"Solutions Architect Lead"},{"IT Software Designations":"Technical Architect"},{"IT Software Designations":"Technical Consultant Lead"},{"IT Software Designations":"Test Automation Engineer Lead"},{"IT Software Designations":"User Experience Researcher"},{"IT Software Designations":"UX Designer Lead"},{"IT Software Designations":"Associate Product Manager"},{"IT Software Designations":"Automation Engineer"},{"IT Software Designations":"Business Intelligence Developer"},{"IT Software Designations":"Change Manager"},{"IT Software Designations":"Cloud Engineer"},{"IT Software Designations":"Configuration Analyst"},{"IT Software Designations":"Database Architect"},{"IT Software Designations":"Data Analyst Lead"},{"IT Software Designations":"Desktop Support Analyst"},{"IT Software Designations":"Help Desk Manager"},{"IT Software Designations":"IT Procurement Specialist"},{"IT Software Designations":"Junior Network Engineer"},{"IT Software Designations":"Junior QA Tester"},{"IT Software Designations":"Junior Systems Administrator"},{"IT Software Designations":"Network Operations Center Technician (NOC)"},{"IT Software Designations":"Security Specialist"},{"IT Software Designations":"Senior Hardware Engineer"},{"IT Software Designations":"Software Build Engineer"},{"IT Software Designations":"Technical Support Lead"},{"IT Software Designations":"Test Lead Analyst"},{"IT Software Designations":"UI Developer"}]