[{"Software Technologies":"Python"},{"Software Technologies":"JavaScript"},{"Software Technologies":"Java"},{"Software Technologies":"C++"},{"Software Technologies":"C#"},{"Software Technologies":"TypeScript"},{"Software Technologies":"Go (Golang)"},{"Software Technologies":"Rust"},{"Software Technologies":"Kotlin"},{"Software Technologies":"Swift"},{"Software Technologies":"PHP"},{"Software Technologies":"Ruby"},{"Software Technologies":"SQL"},{"Software Technologies":"R"},{"Software Technologies":"Scala"},{"Software Technologies":"Visual Basic"},{"Software Technologies":"MATLAB"},{"Software Technologies":"Perl"},{"Software Technologies":"Dart"},{"Software Technologies":"Lua"},{"Software Technologies":"Groovy"},{"Software Technologies":"Objective-C"},{"Software Technologies":"COBOL"},{"Software Technologies":"Shell scripting (Bash, PowerShell)"},{"Software Technologies":"Solidity"},{"Software Technologies":"PL\/SQL"},{"Software Technologies":"React.js"},{"Software Technologies":"Angular"},{"Software Technologies":"Vue.js"},{"Software Technologies":"Svelte"},{"Software Technologies":"Ember.js"},{"Software Technologies":"jQuery"},{"Software Technologies":"Bootstrap"},{"Software Technologies":"Django"},{"Software Technologies":"Flask"},{"Software Technologies":"ASP.NET Core"},{"Software Technologies":"Spring"},{"Software Technologies":"Ruby on Rails"},{"Software Technologies":"Laravel"},{"Software Technologies":"Express.js"},{"Software Technologies":"Next.js"},{"Software Technologies":"Nuxt.js"},{"Software Technologies":"TensorFlow"},{"Software Technologies":"PyTorch"},{"Software Technologies":"Keras"},{"Software Technologies":"Scikit-learn"},{"Software Technologies":"OpenCV"},{"Software Technologies":"MXNet"},{"Software Technologies":"Theano"},{"Software Technologies":"Caffe"},{"Software Technologies":"Hugging Face Transformers"},{"Software Technologies":"XGBoost"},{"Software Technologies":"Docker"},{"Software Technologies":"Kubernetes"},{"Software Technologies":"Terraform"},{"Software Technologies":"Ansible"},{"Software Technologies":"Jenkins"},{"Software Technologies":"Prometheus"},{"Software Technologies":"Grafana"},{"Software Technologies":"AWS"},{"Software Technologies":"Microsoft Azure"},{"Software Technologies":"Google Cloud Platform"},{"Software Technologies":"OpenShift"},{"Software Technologies":"Helm"},{"Software Technologies":"MySQL"},{"Software Technologies":"PostgreSQL"},{"Software Technologies":"MongoDB"},{"Software Technologies":"Redis"},{"Software Technologies":"Cassandra"},{"Software Technologies":"Elasticsearch"},{"Software Technologies":"Oracle Database"},{"Software Technologies":"Microsoft SQL Server"},{"Software Technologies":"Firebase"},{"Software Technologies":"Neo4j"},{"Software Technologies":"REST"},{"Software Technologies":"GraphQL"},{"Software Technologies":"gRPC"},{"Software Technologies":"WebSockets"},{"Software Technologies":"Git"},{"Software Technologies":"GitHub"},{"Software Technologies":"GitLab"},{"Software Technologies":"Bitbucket"},{"Software Technologies":"Jira"},{"Software Technologies":"Trello"},{"Software Technologies":"Asana"},{"Software Technologies":"Selenium"},{"Software Technologies":"Postman"},{"Software Technologies":"Visual Studio Code"},{"Software Technologies":"IntelliJ IDEA"},{"Software Technologies":"Eclipse"},{"Software Technologies":"Unity"},{"Software Technologies":"Unreal Engine"},{"Software Technologies":"Blender"},{"Software Technologies":"Generative AI"},{"Software Technologies":"Quantum Computing"},{"Software Technologies":"Blockchain"},{"Software Technologies":"Edge Computing"},{"Software Technologies":"5G and 6G Connectivity"},{"Software Technologies":"Augmented Reality"},{"Software Technologies":"Virtual Reality"},{"Software Technologies":"Internet of Things"},{"Software Technologies":"Low-code \/ No-code platforms"},{"Software Technologies":"Cybersecurity tools"},{"Software Technologies":"Microservices"},{"Software Technologies":"Serverless computing"},{"Software Technologies":"Ada"},{"Software Technologies":"Bash"},{"Software Technologies":"Clojure"},{"Software Technologies":"Crystal"},{"Software Technologies":"Elm"},{"Software Technologies":"Erlang"},{"Software Technologies":"F#"},{"Software Technologies":"Hack"},{"Software Technologies":"Haskell"},{"Software Technologies":"Julia"},{"Software Technologies":"Lisp"},{"Software Technologies":"Nim"},{"Software Technologies":"OCaml"},{"Software Technologies":"PowerShell"},{"Software Technologies":"Racket"},{"Software Technologies":"ReasonML"},{"Software Technologies":"Scala.js"},{"Software Technologies":"Scheme"},{"Software Technologies":"Smalltalk"},{"Software Technologies":"Solidity"},{"Software Technologies":"VHDL"},{"Software Technologies":"Zig"},{"Software Technologies":"Alpine.js"},{"Software Technologies":"Aurelia"},{"Software Technologies":"Backbone.js"},{"Software Technologies":"Catalyst"},{"Software Technologies":"CodeIgniter"},{"Software Technologies":"ColdFusion"},{"Software Technologies":"GTK"},{"Software Technologies":"Ionic"},{"Software Technologies":"Meteor.js"},{"Software Technologies":"NativeScript"},{"Software Technologies":"PhoneGap"},{"Software Technologies":"Polymer"},{"Software Technologies":"Quasar Framework"},{"Software Technologies":"React Native"},{"Software Technologies":"Sencha Ext JS"},{"Software Technologies":"Symfony"},{"Software Technologies":"Tailwind CSS"},{"Software Technologies":"Xamarin"},{"Software Technologies":"Yii"},{"Software Technologies":"Apache Mahout"},{"Software Technologies":"Apache Spark MLlib"},{"Software Technologies":"Dlib"},{"Software Technologies":"H2O.ai"},{"Software Technologies":"LightGBM"},{"Software Technologies":"Orange"},{"Software Technologies":"Pandas"},{"Software Technologies":"RAPIDS"},{"Software Technologies":"Shogun"},{"Software Technologies":"TensorFlow Lite"},{"Software Technologies":"Weka"},{"Software Technologies":"AWS Lambda"},{"Software Technologies":"Azure Functions"},{"Software Technologies":"CircleCI"},{"Software Technologies":"Chef"},{"Software Technologies":"CloudFormation"},{"Software Technologies":"Consul"},{"Software Technologies":"Datadog"},{"Software Technologies":"Fluentd"},{"Software Technologies":"HashiCorp Vault"},{"Software Technologies":"Minikube"},{"Software Technologies":"Nagios"},{"Software Technologies":"New Relic"},{"Software Technologies":"Puppet"},{"Software Technologies":"Rancher"},{"Software Technologies":"SaltStack"},{"Software Technologies":"Spinnaker"},{"Software Technologies":"Vault"},{"Software Technologies":"Vagrant"},{"Software Technologies":"Amazon DynamoDB"},{"Software Technologies":"Apache HBase"},{"Software Technologies":"Apache Hive"},{"Software Technologies":"AWS Redshift"},{"Software Technologies":"Couchbase"},{"Software Technologies":"Db2"},{"Software Technologies":"Druid"},{"Software Technologies":"Google BigQuery"},{"Software Technologies":"Infobright"},{"Software Technologies":"Memcached"},{"Software Technologies":"Microsoft Access"},{"Software Technologies":"NuoDB"},{"Software Technologies":"TimescaleDB"},{"Software Technologies":"VoltDB"},{"Software Technologies":"AMQP"},{"Software Technologies":"BSON"},{"Software Technologies":"CSV"},{"Software Technologies":"JSON"},{"Software Technologies":"MQTT"},{"Software Technologies":"SOAP"},{"Software Technologies":"Thrift"},{"Software Technologies":"XML"},{"Software Technologies":"YAML"},{"Software Technologies":"Appium"},{"Software Technologies":"Cucumber"},{"Software Technologies":"Cypress"},{"Software Technologies":"Jasmine"},{"Software Technologies":"JUnit"},{"Software Technologies":"Mocha"},{"Software Technologies":"NUnit"},{"Software Technologies":"QUnit"},{"Software Technologies":"Robot Framework"},{"Software Technologies":"TestNG"},{"Software Technologies":"WebDriverIO"},{"Software Technologies":"Atom"},{"Software Technologies":"BlueJ"},{"Software Technologies":"CLion"},{"Software Technologies":"Code::Blocks"},{"Software Technologies":"Eclipse"},{"Software Technologies":"NetBeans"},{"Software Technologies":"PhpStorm"},{"Software Technologies":"PyCharm"},{"Software Technologies":"Sublime Text"},{"Software Technologies":"Visual Studio"},{"Software Technologies":"WebStorm"},{"Software Technologies":"Autodesk Maya"},{"Software Technologies":"Cinema 4D"},{"Software Technologies":"CryEngine"},{"Software Technologies":"Godot Engine"},{"Software Technologies":"Houdini"},{"Software Technologies":"SketchUp"},{"Software Technologies":"Substance Painter"},{"Software Technologies":"AI Explainability tools"},{"Software Technologies":"AutoML platforms"},{"Software Technologies":"Blockchain frameworks"},{"Software Technologies":"Cloud-native technologies"},{"Software Technologies":"Data Fabric tools"},{"Software Technologies":"Digital Twin platforms"},{"Software Technologies":"Edge AI frameworks"},{"Software Technologies":"Federated Learning platforms"},{"Software Technologies":"Immersive tech kits \/ SDKs"},{"Software Technologies":"Low-code platforms"},{"Software Technologies":"Micro-frontends"},{"Software Technologies":"Software Composition Analysis tools"},{"Software Technologies":"Web3 frameworks and SDKs"}]